SMILES,Modulus,TC
*CC(*)C,3.77,0.245
*CC(*)CC,3.255,0.225
*CC(*)C(C)C,3.293,0.187
*CC(*)C1CC1,3.639,0.218
*CC(*)CC1CCCCC1,3.834,0.226
*CC(*)CCCCCCCCCC,3.622,0.336
*/C=C/CCC*,3.767,0.254
*/C=C/CC*,3.239,0.249
*/C=C/CCCCCC*,3.744,0.33
*/C=C/*,2.988,0.315
*CC1(*)CCCCC1,3.672,0.144
*CC(*)c1ccccc1,3.881,0.205
*CC(*)c1ccccc1CC,2.589,0.184
*CC(*)c1ccc(CCCCCCCCCCCCCCCCCC)cc1,4.927,0.375
*CC(*)c1ccc(C(=O)N2CCOCC2)cc1,6.445,0.24
*CC(*)c1ccc(C(C)=O)cc1,4.724,0.228
*CC(*)OC(=O)CCCCCCCCCCCCCCC,3.97,0.315
*CC(*)(C)C#N,5.256,0.146
*CC(*)OCC,3.53,0.245
*CC(*)O[N+](=O)[O-],5.374,0.176
*/C=C/C(C)C(*)C(=O)OC,3.271,0.189
*CC(*)C(=O)C1CCCCC1,3.853,0.204
*CC(*)OC(=O)C1(F)C(F)(F)C(F)(F)C(F)(F)C(F)(F)C1(F)F,2.645,0.092
*CCC/C=C(/*)c1ccc(Cl)cc1,6.086,0.184
*CC(*)CNc1ccc([N+](=O)[O-])c(C(F)(F)F)c1,3.764,0.188
*CC(N1CCCC1=O)*,4.222,0.195
*C(C(=O)O)C*,6.112,0.215
*CC(*)(C)C(=O)OC,3.273,0.16
*CC(*)(C)C(=O)OCC,3.478,0.17
*CC(*)(C)C(=O)OC(C)(C)C,1.823,0.153
*CC(*)(C)C(=O)OCCCCCCCCCCCCCCCCCC,4.378,0.317
*CC(*)(C)C(=O)OCc1ccccc1,3.705,0.176
*CC(*)(C)C(=O)OC(C)C(F)(F)F,2.137,0.114
*CC(*)(C)C(=O)OC(C(F)(F)F)(C(F)(F)F)C(F)(F)F,2.408,0.047
*CC(*)(C)C(=O)OC(F)(C(F)(F)F)C(F)(F)Cl,1.965,0.069
*CC(*)(C)C(=O)OCCN(CC)CC,4.778,0.238
*CC(*)(Cl)C(=O)OC1CCCCC1,4.385,0.137
*CC(*)C(=O)NCCCCCCCCCCCCCCCCCC,4.187,0.383
*CC(*)C(=O)OC1CC(C)CC(C)(C)C1,3.477,0.221
*CC(*)(C)C(=O)OC1CC2CCC1(C)C2(C)C,2.144,0.143
*CC(*)(Cl)C(=O)OCCCC,4.604,0.178
*CC(*)(C#N)C(=O)OC,5.12,0.161
*CC(*)C(=O)OCCC#N,4.473,0.195
*CC(*)C(=O)OCCSC,4.238,0.181
*CC(*)C(=O)OCCSCC,4.111,0.218
*CC(*)C(=O)N1CCOCC1,6.989,0.212
*CC(*)C(=O)N(C)c1ccccc1,4.548,0.168
*CC(*)C(=O)Oc1ccc(Cl)cc1Cl,4.027,0.137
*CC(*)C(=O)NCCCC,3.665,0.262
*CC(*)C(=O)NC(C)CC,3.321,0.244
*CC(*)(C)C(=O)OCC1(C)COCOC1,4.609,0.151
*CC(*)C(=O)OCCC(C)C,3.339,0.231
*CC(*)(C)C(=O)OCC1CO1,4.704,0.186
*CC(*)C(=O)NCCCCCCCC/C=C/CCCCCCCC,4.529,0.306
*CC(*)CC(C)C(F)(F)F,2.831,0.148
*CCCCCCCCCCOCCCCCCOCCCCCCO*,4.753,0.33
*CCCCCCC(=O)NCCCCCCNC(=O)CCCCCCO*,5.427,0.303
*CCCCCCCCCCC(=O)NCCCCCOCCCCCNC(=O)CCCO*,5.037,0.302
*CCCCCCCCCCC(=O)NCCCCCOCCCCCNC(=O)CCCCO*,4.879,0.329
*CCOCCOC(=O)CCCCCCCCCCCCCCCCC(=O)O*,4.615,0.342
*OC1CCCCC1*,5.124,0.164
*Oc1ccc(NC(=O)CCCCCCCCCC(=O)Nc2ccc(*)cc2)cc1,5.347,0.326
*c1cccc(-c2nc3ccc(-c4ccc5oc(*)nc5c4)cc3o2)c1,4.011,0.406
*CCCCCCCCCCC(=O)NCc1ccc(CNC(=O)CCCCCCCCCCS*)cc1,4.926,0.293
*CCCCCCCCCCC(=O)NCCc1ccc(CCNC(=O)CCCCCCCCCCS*)cc1,5.076,0.299
*CCCC1CCN(C(=O)SSCCCCSSC(=O)N2CCC(*)CC2)CC1,4.769,0.223
*c1ccc2c(c1)SC1=Nc3cc(-c4ccc5c(c4)N=C4Sc6cc(*)ccc6N=C4N5)ccc3NC1=N2,2.865,0.506
*OC(c1ccc(Cl)cc1)C(C)(C)C(*)=O,3.626,0.112
*CC1CCC(COC(=O)CCCCCCCCC(=O)O*)CC1,5.049,0.287
*CCCCCCCCCCOC(=O)CCCCCNC(=O)CCCCC(=O)NCCCCCC(=O)O*,5.314,0.298
*CCCCCCCCCCCCOC(=O)CCCCCNC(=O)CCCCC(=O)NCCCCCC(=O)O*,4.93,0.31
*CCCCCCCCNC(=O)CCCCCCCCCCCCCCCCCCCCC(=O)N*,5.061,0.43
*CCCCCCCCCCCCCCNC(=O)CCCCCCCCCCCCCCCCC(=O)N*,5.248,0.496
*CCCCCCCCCCNC(=O)CCCCCCCCC(=O)N*,5.151,0.381
*Cc1ccc(CNC(=O)CCCCCCCCCCCCCCCCC(=O)N*)cc1,5.318,0.325
*CCCCCCCCCNC(=O)CCCCCCCC(=O)N*,5.198,0.41
*CCCCCCCCCCCCCCCCCCNC(=O)CCCCCCCCCCC(=O)N*,5.284,0.369
*CCCCCCCCCCCCCCCCCCCCCC(=O)N*,4.939,0.383
*CCCCCCCCCCNC(=O)CCCCCCCCC(=O)NCCCCCCCCCCNC(=O)C(=O)N*,5.248,0.473
*CCCCCCCCCNC(=O)CCCCCCCCC(=O)NCCCCCCCCCNC(=O)C(=O)N*,5.266,0.285
*CCCCCNC(=O)CCCCCCCCCCCC(=O)N*,5.069,0.422
*CCCCCCCCCCCNC(=O)CCCCCCCCC(=O)NCCCCCCCCCCCNC(=O)C(=O)N*,5.138,0.319
*CCCCCCCCCCNC(=O)NCCCCCCCCNC(=O)N*,5.377,0.342
*/C=C(/*)CCCCCCCCCCCCCCCCCCCCC(=O)O,4.908,0.407
*/C=C(/*)C#CCCCCCCCCCCCCCCCCCCCCC(=O)O,4.741,0.448
*c1sc(*)c2c1OCC(CCCCCCCCCCCCCCCC)O2,4.937,0.453
*c1sc(*)c(OCCCCCCCCCCCCCC)c1C,4.637,0.444
*CCCCOC(=O)CCCCCCCCCCCCCCCCCCCCCCCCCCCCCCCCCCC(=O)O*,4.872,0.551
*CCCCCCCCCCCCCCCCCCCCCCOC(=O)CCC(=O)O*,5.037,0.388
*CCCCCCCCNC(=O)CCCCCCCCC(=O)NCCCCCCCCNC(=O)C(=O)N*,5.173,0.304
*CCCCCCCNC(=O)CCCCCCCCCCCCCCCCCCC(=O)N*,5.13,0.49
*CCCNC(=O)CCCCCCCCCCCCCCCCCCC(=O)N*,5.093,0.452
*c1ccc(-c2ccc3c(c2)C(CCCCCCC#N)(CCCCCCC#N)c2cc(*)ccc2-3)cc1,5.721,0.491
